USER_ID,ITEM_ID,TIMESTAMP,EVENT_TYPE
"demo-1","electronic-jazz-chromatic","1735689600","REPLAY"
"demo-1","blackout","1735689660","LIKE"
"demo-1","space-graveyard-ambient-track","1735689720","LIKE"
"demo-1","gone-rock","1735689780","LIKE"
"demo-1","shop-theme","1735689840","LIKE"
"demo-1","electronic-jazz-chromatic","1735689900","LIKE"
"demo-1","done-rock-and-jazz","1735689960","LIKE"
"demo-1","a-flawless-getaway","1735690020","REPLAY"
"demo-1","signal-pursuit","1735690080","LIKE"
"demo-1","signal-pursuit","1735690140","LIKE"
"demo-1","signal-pursuit","1735690200","LIKE"
"demo-1","space-graveyard-ambient-track","1735690260","LIKE"
"demo-1","shop-theme","1735690320","LIKE"
"demo-1","signal-pursuit","1735690380","LIKE"
"demo-1","a-flawless-getaway","1735690440","REPLAY"
"demo-1","electronic-jazz-chromatic","1735690500","LIKE"
"demo-1","electronic-jazz-chromatic","1735690560","LIKE"
"demo-1","electronic-jazz-chromatic","1735690620","LIKE"
"demo-1","done-rock-and-jazz","1735690680","LIKE"
"demo-1","signal-pursuit","1735690740","LIKE"
"demo-1","electronic-jazz-chromatic","1735690800","LIKE"
"demo-1","signal-pursuit","1735690860","REPLAY"
"demo-1","electronic-jazz-chromatic","1735690920","LIKE"
"demo-1","a-flawless-getaway","1735690980","LIKE"
"demo-1","bossfight-1","1735691040","LIKE"
"demo-1","empty-stretch","1735691100","LIKE"
"demo-1","a-flawless-getaway","1735691160","LIKE"
"demo-1","signal-pursuit","1735691220","LIKE"
"demo-1","moil","1735691280","REPLAY"
"demo-1","space-graveyard-ambient-track","1735691340","LIKE"
"demo-2","bossfight-1","1735693200","REPLAY"
"demo-2","shop-theme","1735693260","LIKE"
"demo-2","gone-rock","1735693320","LIKE"
"demo-2","flashy-popjazz","1735693380","LIKE"
"demo-2","shop-theme","1735693440","LIKE"
"demo-2","shop-theme","1735693500","LIKE"
"demo-2","flashy-popjazz","1735693560","LIKE"
"demo-2","empty-stretch","1735693620","REPLAY"
"demo-2","shop-theme","1735693680","LIKE"
"demo-2","empty-stretch","1735693740","LIKE"
"demo-2","empty-stretch","1735693800","LIKE"
"demo-2","flashy-popjazz","1735693860","LIKE"
"demo-2","signal-pursuit","1735693920","LIKE"
"demo-2","into-the-caves","1735693980","LIKE"
"demo-2","moil","1735694040","REPLAY"
"demo-2","moil","1735694100","LIKE"
"demo-2","shop-theme","1735694160","LIKE"
"demo-2","moil","1735694220","LIKE"
"demo-2","flashy-popjazz","1735694280","LIKE"
"demo-2","flashy-popjazz","1735694340","LIKE"
"demo-2","moil","1735694400","LIKE"
"demo-2","signal-pursuit","1735694460","REPLAY"
"demo-2","shop-theme","1735694520","LIKE"
"demo-2","shop-theme","1735694580","LIKE"
"demo-2","into-the-caves","1735694640","LIKE"
"demo-2","flashy-popjazz","1735694700","LIKE"
"demo-2","flashy-popjazz","1735694760","LIKE"
"demo-2","empty-stretch","1735694820","LIKE"
"demo-2","moil","1735694880","REPLAY"
"demo-2","empty-stretch","1735694940","LIKE"
"demo-3","done-rock-and-jazz","1735696800","REPLAY"
"demo-3","bossfight-1","1735696860","LIKE"
"demo-3","electric-rock","1735696920","LIKE"
"demo-3","electric-rock","1735696980","LIKE"
"demo-3","bossfight-1","1735697040","LIKE"
"demo-3","gone-rock","1735697100","LIKE"
"demo-3","done-rock-and-jazz","1735697160","LIKE"
"demo-3","signal-pursuit","1735697220","REPLAY"
"demo-3","electric-rock","1735697280","LIKE"
"demo-3","space-graveyard-ambient-track","1735697340","LIKE"
"demo-3","electric-rock","1735697400","LIKE"
"demo-3","empty-stretch","1735697460","LIKE"
"demo-3","bossfight-1","1735697520","LIKE"
"demo-3","gone-rock","1735697580","LIKE"
"demo-3","flashy-popjazz","1735697640","REPLAY"
"demo-3","gone-rock","1735697700","LIKE"
"demo-3","bossfight-1","1735697760","LIKE"
"demo-3","bossfight-1","1735697820","LIKE"
"demo-3","gone-rock","1735697880","LIKE"
"demo-3","flashy-popjazz","1735697940","LIKE"
"demo-3","electric-rock","1735698000","LIKE"
"demo-3","bossfight-1","1735698060","REPLAY"
"demo-3","done-rock-and-jazz","1735698120","LIKE"
"demo-3","done-rock-and-jazz","1735698180","LIKE"
"demo-3","bossfight-1","1735698240","LIKE"
"demo-3","dream-2-ambience","1735698300","LIKE"
"demo-3","electronic-jazz-chromatic","1735698360","LIKE"
"demo-3","bossfight-1","1735698420","LIKE"
"demo-3","electric-rock","1735698480","REPLAY"
"demo-3","done-rock-and-jazz","1735698540","LIKE"
"demo-4","blackout","1735700400","REPLAY"
"demo-4","dream-2-ambience","1735700460","LIKE"
"demo-4","dream-2-ambience","1735700520","LIKE"
"demo-4","signal-pursuit","1735700580","LIKE"
"demo-4","space-graveyard-ambient-track","1735700640","LIKE"
"demo-4","space-graveyard-ambient-track","1735700700","LIKE"
"demo-4","space-graveyard-ambient-track","1735700760","LIKE"
"demo-4","signal-pursuit","1735700820","REPLAY"
"demo-4","shop-theme","1735700880","LIKE"
"demo-4","dream-2-ambience","1735700940","LIKE"
"demo-4","into-the-caves","1735701000","LIKE"
"demo-4","blackout","1735701060","LIKE"
"demo-4","space-graveyard-ambient-track","1735701120","LIKE"
"demo-4","blackout","1735701180","LIKE"
"demo-4","blackout","1735701240","REPLAY"
"demo-4","dream-2-ambience","1735701300","LIKE"
"demo-4","subspace","1735701360","LIKE"
"demo-4","done-rock-and-jazz","1735701420","LIKE"
"demo-4","into-the-caves","1735701480","LIKE"
"demo-4","blackout","1735701540","LIKE"
"demo-4","subspace","1735701600","LIKE"
"demo-4","blackout","1735701660","REPLAY"
"demo-4","into-the-caves","1735701720","LIKE"
"demo-4","space-graveyard-ambient-track","1735701780","LIKE"
"demo-4","space-graveyard-ambient-track","1735701840","LIKE"
"demo-4","space-graveyard-ambient-track","1735701900","LIKE"
"demo-4","blackout","1735701960","LIKE"
"demo-4","empty-stretch","1735702020","LIKE"
"demo-4","into-the-caves","1735702080","REPLAY"
"demo-4","space-graveyard-ambient-track","1735702140","LIKE"
"demo-5","subspace","1735704000","REPLAY"
"demo-5","electronic-jazz-chromatic","1735704060","LIKE"
"demo-5","subspace","1735704120","LIKE"
"demo-5","signal-pursuit","1735704180","LIKE"
"demo-5","electronic-jazz-chromatic","1735704240","LIKE"
"demo-5","electronic-jazz-chromatic","1735704300","LIKE"
"demo-5","electronic-jazz-chromatic","1735704360","LIKE"
"demo-5","electronic-jazz-chromatic","1735704420","REPLAY"
"demo-5","into-the-caves","1735704480","LIKE"
"demo-5","electronic-jazz-chromatic","1735704540","LIKE"
"demo-5","done-rock-and-jazz","1735704600","LIKE"
"demo-5","electronic-jazz-chromatic","1735704660","LIKE"
"demo-5","signal-pursuit","1735704720","LIKE"
"demo-5","a-flawless-getaway","1735704780","LIKE"
"demo-5","dream-2-ambience","1735704840","REPLAY"
"demo-5","electronic-jazz-chromatic","1735704900","LIKE"
"demo-5","subspace","1735704960","LIKE"
"demo-5","signal-pursuit","1735705020","LIKE"
"demo-5","blackout","1735705080","LIKE"
"demo-5","signal-pursuit","1735705140","LIKE"
"demo-5","signal-pursuit","1735705200","LIKE"
"demo-5","electronic-jazz-chromatic","1735705260","REPLAY"
"demo-5","signal-pursuit","1735705320","LIKE"
"demo-5","subspace","1735705380","LIKE"
"demo-5","subspace","1735705440","LIKE"
"demo-5","signal-pursuit","1735705500","LIKE"
"demo-5","into-the-caves","1735705560","LIKE"
"demo-5","electronic-jazz-chromatic","1735705620","LIKE"
"demo-5","subspace","1735705680","REPLAY"
"demo-5","electric-rock","1735705740","LIKE"
"demo-6","electronic-jazz-chromatic","1735707600","REPLAY"
"demo-6","moil","1735707660","LIKE"
"demo-6","empty-stretch","1735707720","LIKE"
"demo-6","shop-theme","1735707780","LIKE"
"demo-6","bossfight-1","1735707840","LIKE"
"demo-6","space-graveyard-ambient-track","1735707900","LIKE"
"demo-6","shop-theme","1735707960","LIKE"
"demo-6","moil","1735708020","REPLAY"
"demo-6","empty-stretch","1735708080","LIKE"
"demo-6","shop-theme","1735708140","LIKE"
"demo-6","moil","1735708200","LIKE"
"demo-6","empty-stretch","1735708260","LIKE"
"demo-6","moil","1735708320","LIKE"
"demo-6","moil","1735708380","LIKE"
"demo-6","flashy-popjazz","1735708440","REPLAY"
"demo-6","bossfight-1","1735708500","LIKE"
"demo-6","shop-theme","1735708560","LIKE"
"demo-6","empty-stretch","1735708620","LIKE"
"demo-6","moil","1735708680","LIKE"
"demo-6","done-rock-and-jazz","1735708740","LIKE"
"demo-6","shop-theme","1735708800","LIKE"
"demo-6","moil","1735708860","REPLAY"
"demo-6","shop-theme","1735708920","LIKE"
"demo-6","moil","1735708980","LIKE"
"demo-6","empty-stretch","1735709040","LIKE"
"demo-6","flashy-popjazz","1735709100","LIKE"
"demo-6","flashy-popjazz","1735709160","LIKE"
"demo-6","moil","1735709220","LIKE"
"demo-6","shop-theme","1735709280","REPLAY"
"demo-6","flashy-popjazz","1735709340","LIKE"
"demo-7","bossfight-1","1735711200","REPLAY"
"demo-7","bossfight-1","1735711260","LIKE"
"demo-7","done-rock-and-jazz","1735711320","LIKE"
"demo-7","shop-theme","1735711380","LIKE"
"demo-7","bossfight-1","1735711440","LIKE"
"demo-7","gone-rock","1735711500","LIKE"
"demo-7","done-rock-and-jazz","1735711560","LIKE"
"demo-7","electronic-jazz-chromatic","1735711620","REPLAY"
"demo-7","electric-rock","1735711680","LIKE"
"demo-7","shop-theme","1735711740","LIKE"
"demo-7","a-flawless-getaway","1735711800","LIKE"
"demo-7","bossfight-1","1735711860","LIKE"
"demo-7","done-rock-and-jazz","1735711920","LIKE"
"demo-7","a-flawless-getaway","1735711980","LIKE"
"demo-7","bossfight-1","1735712040","REPLAY"
"demo-7","space-graveyard-ambient-track","1735712100","LIKE"
"demo-7","gone-rock","1735712160","LIKE"
"demo-7","bossfight-1","1735712220","LIKE"
"demo-7","blackout","1735712280","LIKE"
"demo-7","gone-rock","1735712340","LIKE"
"demo-7","a-flawless-getaway","1735712400","LIKE"
"demo-7","electric-rock","1735712460","REPLAY"
"demo-7","electric-rock","1735712520","LIKE"
"demo-7","done-rock-and-jazz","1735712580","LIKE"
"demo-7","bossfight-1","1735712640","LIKE"
"demo-7","done-rock-and-jazz","1735712700","LIKE"
"demo-7","bossfight-1","1735712760","LIKE"
"demo-7","done-rock-and-jazz","1735712820","LIKE"
"demo-7","gone-rock","1735712880","REPLAY"
"demo-7","electric-rock","1735712940","LIKE"
"demo-8","blackout","1735714800","REPLAY"
"demo-8","dream-2-ambience","1735714860","LIKE"
"demo-8","blackout","1735714920","LIKE"
"demo-8","blackout","1735714980","LIKE"
"demo-8","blackout","1735715040","LIKE"
"demo-8","gone-rock","1735715100","LIKE"
"demo-8","into-the-caves","1735715160","LIKE"
"demo-8","dream-2-ambience","1735715220","REPLAY"
"demo-8","moil","1735715280","LIKE"
"demo-8","subspace","1735715340","LIKE"
"demo-8","blackout","1735715400","LIKE"
"demo-8","into-the-caves","1735715460","LIKE"
"demo-8","into-the-caves","1735715520","LIKE"
"demo-8","into-the-caves","1735715580","LIKE"
"demo-8","space-graveyard-ambient-track","1735715640","REPLAY"
"demo-8","blackout","1735715700","LIKE"
"demo-8","space-graveyard-ambient-track","1735715760","LIKE"
"demo-8","flashy-popjazz","1735715820","LIKE"
"demo-8","gone-rock","1735715880","LIKE"
"demo-8","dream-2-ambience","1735715940","LIKE"
"demo-8","electronic-jazz-chromatic","1735716000","LIKE"
"demo-8","space-graveyard-ambient-track","1735716060","REPLAY"
"demo-8","into-the-caves","1735716120","LIKE"
"demo-8","into-the-caves","1735716180","LIKE"
"demo-8","into-the-caves","1735716240","LIKE"
"demo-8","gone-rock","1735716300","LIKE"
"demo-8","gone-rock","1735716360","LIKE"
"demo-8","electric-rock","1735716420","LIKE"
"demo-8","space-graveyard-ambient-track","1735716480","REPLAY"
"demo-8","dream-2-ambience","1735716540","LIKE"
"demo-9","space-graveyard-ambient-track","1735718400","REPLAY"
"demo-9","electronic-jazz-chromatic","1735718460","LIKE"
"demo-9","signal-pursuit","1735718520","LIKE"
"demo-9","signal-pursuit","1735718580","LIKE"
"demo-9","subspace","1735718640","LIKE"
"demo-9","subspace","1735718700","LIKE"
"demo-9","electronic-jazz-chromatic","1735718760","LIKE"
"demo-9","dream-2-ambience","1735718820","REPLAY"
"demo-9","subspace","1735718880","LIKE"
"demo-9","signal-pursuit","1735718940","LIKE"
"demo-9","gone-rock","1735719000","LIKE"
"demo-9","signal-pursuit","1735719060","LIKE"
"demo-9","signal-pursuit","1735719120","LIKE"
"demo-9","done-rock-and-jazz","1735719180","LIKE"
"demo-9","signal-pursuit","1735719240","REPLAY"
"demo-9","electronic-jazz-chromatic","1735719300","LIKE"
"demo-9","subspace","1735719360","LIKE"
"demo-9","subspace","1735719420","LIKE"
"demo-9","signal-pursuit","1735719480","LIKE"
"demo-9","signal-pursuit","1735719540","LIKE"
"demo-9","electronic-jazz-chromatic","1735719600","LIKE"
"demo-9","signal-pursuit","1735719660","REPLAY"
"demo-9","signal-pursuit","1735719720","LIKE"
"demo-9","space-graveyard-ambient-track","1735719780","LIKE"
"demo-9","bossfight-1","1735719840","LIKE"
"demo-9","electronic-jazz-chromatic","1735719900","LIKE"
"demo-9","a-flawless-getaway","1735719960","LIKE"
"demo-9","electronic-jazz-chromatic","1735720020","LIKE"
"demo-9","electronic-jazz-chromatic","1735720080","REPLAY"
"demo-9","a-flawless-getaway","1735720140","LIKE"
"demo-10","shop-theme","1735722000","REPLAY"
"demo-10","shop-theme","1735722060","LIKE"
"demo-10","empty-stretch","1735722120","LIKE"
"demo-10","flashy-popjazz","1735722180","LIKE"
"demo-10","bossfight-1","1735722240","LIKE"
"demo-10","moil","1735722300","LIKE"
"demo-10","shop-theme","1735722360","LIKE"
"demo-10","flashy-popjazz","1735722420","REPLAY"
"demo-10","shop-theme","1735722480","LIKE"
"demo-10","flashy-popjazz","1735722540","LIKE"
"demo-10","flashy-popjazz","1735722600","LIKE"
"demo-10","blackout","1735722660","LIKE"
"demo-10","flashy-popjazz","1735722720","LIKE"
"demo-10","shop-theme","1735722780","LIKE"
"demo-10","flashy-popjazz","1735722840","REPLAY"
"demo-10","space-graveyard-ambient-track","1735722900","LIKE"
"demo-10","moil","1735722960","LIKE"
"demo-10","shop-theme","1735723020","LIKE"
"demo-10","gone-rock","1735723080","LIKE"
"demo-10","flashy-popjazz","1735723140","LIKE"
"demo-10","moil","1735723200","LIKE"
"demo-10","empty-stretch","1735723260","REPLAY"
"demo-10","moil","1735723320","LIKE"
"demo-10","shop-theme","1735723380","LIKE"
"demo-10","electric-rock","1735723440","LIKE"
"demo-10","flashy-popjazz","1735723500","LIKE"
"demo-10","flashy-popjazz","1735723560","LIKE"
"demo-10","flashy-popjazz","1735723620","LIKE"
"demo-10","flashy-popjazz","1735723680","REPLAY"
"demo-10","moil","1735723740","LIKE"
"demo-11","blackout","1735725600","REPLAY"
"demo-11","electric-rock","1735725660","LIKE"
"demo-11","empty-stretch","1735725720","LIKE"
"demo-11","electric-rock","1735725780","LIKE"
"demo-11","bossfight-1","1735725840","LIKE"
"demo-11","bossfight-1","1735725900","LIKE"
"demo-11","subspace","1735725960","LIKE"
"demo-11","shop-theme","1735726020","REPLAY"
"demo-11","electric-rock","1735726080","LIKE"
"demo-11","electric-rock","1735726140","LIKE"
"demo-11","done-rock-and-jazz","1735726200","LIKE"
"demo-11","done-rock-and-jazz","1735726260","LIKE"
"demo-11","empty-stretch","1735726320","LIKE"
"demo-11","gone-rock","1735726380","LIKE"
"demo-11","gone-rock","1735726440","REPLAY"
"demo-11","done-rock-and-jazz","1735726500","LIKE"
"demo-11","done-rock-and-jazz","1735726560","LIKE"
"demo-11","gone-rock","1735726620","LIKE"
"demo-11","bossfight-1","1735726680","LIKE"
"demo-11","electric-rock","1735726740","LIKE"
"demo-11","gone-rock","1735726800","LIKE"
"demo-11","electric-rock","1735726860","REPLAY"
"demo-11","bossfight-1","1735726920","LIKE"
"demo-11","done-rock-and-jazz","1735726980","LIKE"
"demo-11","electric-rock","1735727040","LIKE"
"demo-11","empty-stretch","1735727100","LIKE"
"demo-11","electric-rock","1735727160","LIKE"
"demo-11","moil","1735727220","LIKE"
"demo-11","gone-rock","1735727280","REPLAY"
"demo-11","electronic-jazz-chromatic","1735727340","LIKE"
"demo-12","space-graveyard-ambient-track","1735729200","REPLAY"
"demo-12","space-graveyard-ambient-track","1735729260","LIKE"
"demo-12","blackout","1735729320","LIKE"
"demo-12","empty-stretch","1735729380","LIKE"
"demo-12","space-graveyard-ambient-track","1735729440","LIKE"
"demo-12","blackout","1735729500","LIKE"
"demo-12","into-the-caves","1735729560","LIKE"
"demo-12","into-the-caves","1735729620","REPLAY"
"demo-12","empty-stretch","1735729680","LIKE"
"demo-12","flashy-popjazz","1735729740","LIKE"
"demo-12","into-the-caves","1735729800","LIKE"
"demo-12","blackout","1735729860","LIKE"
"demo-12","into-the-caves","1735729920","LIKE"
"demo-12","dream-2-ambience","1735729980","LIKE"
"demo-12","dream-2-ambience","1735730040","REPLAY"
"demo-12","blackout","1735730100","LIKE"
"demo-12","into-the-caves","1735730160","LIKE"
"demo-12","a-flawless-getaway","1735730220","LIKE"
"demo-12","blackout","1735730280","LIKE"
"demo-12","blackout","1735730340","LIKE"
"demo-12","dream-2-ambience","1735730400","LIKE"
"demo-12","space-graveyard-ambient-track","1735730460","REPLAY"
"demo-12","blackout","1735730520","LIKE"
"demo-12","dream-2-ambience","1735730580","LIKE"
"demo-12","into-the-caves","1735730640","LIKE"
"demo-12","flashy-popjazz","1735730700","LIKE"
"demo-12","blackout","1735730760","LIKE"
"demo-12","flashy-popjazz","1735730820","LIKE"
"demo-12","electric-rock","1735730880","REPLAY"
"demo-12","dream-2-ambience","1735730940","LIKE"
"demo-13","electronic-jazz-chromatic","1735732800","REPLAY"
"demo-13","subspace","1735732860","LIKE"
"demo-13","a-flawless-getaway","1735732920","LIKE"
"demo-13","empty-stretch","1735732980","LIKE"
"demo-13","subspace","1735733040","LIKE"
"demo-13","signal-pursuit","1735733100","LIKE"
"demo-13","a-flawless-getaway","1735733160","LIKE"
"demo-13","signal-pursuit","1735733220","REPLAY"
"demo-13","empty-stretch","1735733280","LIKE"
"demo-13","gone-rock","1735733340","LIKE"
"demo-13","blackout","1735733400","LIKE"
"demo-13","into-the-caves","1735733460","LIKE"
"demo-13","subspace","1735733520","LIKE"
"demo-13","signal-pursuit","1735733580","LIKE"
"demo-13","into-the-caves","1735733640","REPLAY"
"demo-13","subspace","1735733700","LIKE"
"demo-13","electronic-jazz-chromatic","1735733760","LIKE"
"demo-13","a-flawless-getaway","1735733820","LIKE"
"demo-13","electronic-jazz-chromatic","1735733880","LIKE"
"demo-13","a-flawless-getaway","1735733940","LIKE"
"demo-13","empty-stretch","1735734000","LIKE"
"demo-13","a-flawless-getaway","1735734060","REPLAY"
"demo-13","gone-rock","1735734120","LIKE"
"demo-13","moil","1735734180","LIKE"
"demo-13","electronic-jazz-chromatic","1735734240","LIKE"
"demo-13","electronic-jazz-chromatic","1735734300","LIKE"
"demo-13","signal-pursuit","1735734360","LIKE"
"demo-13","subspace","1735734420","LIKE"
"demo-13","electronic-jazz-chromatic","1735734480","REPLAY"
"demo-13","dream-2-ambience","1735734540","LIKE"
"demo-14","moil","1735736400","REPLAY"
"demo-14","flashy-popjazz","1735736460","LIKE"
"demo-14","empty-stretch","1735736520","LIKE"
"demo-14","flashy-popjazz","1735736580","LIKE"
"demo-14","blackout","1735736640","LIKE"
"demo-14","shop-theme","1735736700","LIKE"
"demo-14","subspace","1735736760","LIKE"
"demo-14","shop-theme","1735736820","REPLAY"
"demo-14","empty-stretch","1735736880","LIKE"
"demo-14","moil","1735736940","LIKE"
"demo-14","electric-rock","1735737000","LIKE"
"demo-14","shop-theme","1735737060","LIKE"
"demo-14","shop-theme","1735737120","LIKE"
"demo-14","moil","1735737180","LIKE"
"demo-14","subspace","1735737240","REPLAY"
"demo-14","empty-stretch","1735737300","LIKE"
"demo-14","subspace","1735737360","LIKE"
"demo-14","empty-stretch","1735737420","LIKE"
"demo-14","flashy-popjazz","1735737480","LIKE"
"demo-14","empty-stretch","1735737540","LIKE"
"demo-14","flashy-popjazz","1735737600","LIKE"
"demo-14","flashy-popjazz","1735737660","REPLAY"
"demo-14","shop-theme","1735737720","LIKE"
"demo-14","moil","1735737780","LIKE"
"demo-14","shop-theme","1735737840","LIKE"
"demo-14","empty-stretch","1735737900","LIKE"
"demo-14","empty-stretch","1735737960","LIKE"
"demo-14","signal-pursuit","1735738020","LIKE"
"demo-14","moil","1735738080","REPLAY"
"demo-14","shop-theme","1735738140","LIKE"
"demo-15","gone-rock","1735740000","REPLAY"
"demo-15","electronic-jazz-chromatic","1735740060","LIKE"
"demo-15","done-rock-and-jazz","1735740120","LIKE"
"demo-15","bossfight-1","1735740180","LIKE"
"demo-15","flashy-popjazz","1735740240","LIKE"
"demo-15","done-rock-and-jazz","1735740300","LIKE"
"demo-15","bossfight-1","1735740360","LIKE"
"demo-15","shop-theme","1735740420","REPLAY"
"demo-15","space-graveyard-ambient-track","1735740480","LIKE"
"demo-15","gone-rock","1735740540","LIKE"
"demo-15","gone-rock","1735740600","LIKE"
"demo-15","gone-rock","1735740660","LIKE"
"demo-15","bossfight-1","1735740720","LIKE"
"demo-15","electric-rock","1735740780","LIKE"
"demo-15","subspace","1735740840","REPLAY"
"demo-15","done-rock-and-jazz","1735740900","LIKE"
"demo-15","done-rock-and-jazz","1735740960","LIKE"
"demo-15","done-rock-and-jazz","1735741020","LIKE"
"demo-15","gone-rock","1735741080","LIKE"
"demo-15","bossfight-1","1735741140","LIKE"
"demo-15","done-rock-and-jazz","1735741200","LIKE"
"demo-15","gone-rock","1735741260","REPLAY"
"demo-15","bossfight-1","1735741320","LIKE"
"demo-15","done-rock-and-jazz","1735741380","LIKE"
"demo-15","into-the-caves","1735741440","LIKE"
"demo-15","done-rock-and-jazz","1735741500","LIKE"
"demo-15","done-rock-and-jazz","1735741560","LIKE"
"demo-15","bossfight-1","1735741620","LIKE"
"demo-15","electric-rock","1735741680","REPLAY"
"demo-15","gone-rock","1735741740","LIKE"
"demo-16","into-the-caves","1735743600","REPLAY"
"demo-16","electronic-jazz-chromatic","1735743660","LIKE"
"demo-16","space-graveyard-ambient-track","1735743720","LIKE"
"demo-16","dream-2-ambience","1735743780","LIKE"
"demo-16","space-graveyard-ambient-track","1735743840","LIKE"
"demo-16","moil","1735743900","LIKE"
"demo-16","blackout","1735743960","LIKE"
"demo-16","into-the-caves","1735744020","REPLAY"
"demo-16","moil","1735744080","LIKE"
"demo-16","space-graveyard-ambient-track","1735744140","LIKE"
"demo-16","dream-2-ambience","1735744200","LIKE"
"demo-16","electric-rock","1735744260","LIKE"
"demo-16","blackout","1735744320","LIKE"
"demo-16","into-the-caves","1735744380","LIKE"
"demo-16","into-the-caves","1735744440","REPLAY"
"demo-16","blackout","1735744500","LIKE"
"demo-16","space-graveyard-ambient-track","1735744560","LIKE"
"demo-16","space-graveyard-ambient-track","1735744620","LIKE"
"demo-16","space-graveyard-ambient-track","1735744680","LIKE"
"demo-16","into-the-caves","1735744740","LIKE"
"demo-16","into-the-caves","1735744800","LIKE"
"demo-16","into-the-caves","1735744860","REPLAY"
"demo-16","blackout","1735744920","LIKE"
"demo-16","blackout","1735744980","LIKE"
"demo-16","space-graveyard-ambient-track","1735745040","LIKE"
"demo-16","subspace","1735745100","LIKE"
"demo-16","space-graveyard-ambient-track","1735745160","LIKE"
"demo-16","space-graveyard-ambient-track","1735745220","LIKE"
"demo-16","blackout","1735745280","REPLAY"
"demo-16","into-the-caves","1735745340","LIKE"
"demo-17","a-flawless-getaway","1735747200","REPLAY"
"demo-17","subspace","1735747260","LIKE"
"demo-17","a-flawless-getaway","1735747320","LIKE"
"demo-17","electronic-jazz-chromatic","1735747380","LIKE"
"demo-17","a-flawless-getaway","1735747440","LIKE"
"demo-17","a-flawless-getaway","1735747500","LIKE"
"demo-17","blackout","1735747560","LIKE"
"demo-17","a-flawless-getaway","1735747620","REPLAY"
"demo-17","signal-pursuit","1735747680","LIKE"
"demo-17","gone-rock","1735747740","LIKE"
"demo-17","gone-rock","1735747800","LIKE"
"demo-17","signal-pursuit","1735747860","LIKE"
"demo-17","electronic-jazz-chromatic","1735747920","LIKE"
"demo-17","done-rock-and-jazz","1735747980","LIKE"
"demo-17","electric-rock","1735748040","REPLAY"
"demo-17","subspace","1735748100","LIKE"
"demo-17","shop-theme","1735748160","LIKE"
"demo-17","signal-pursuit","1735748220","LIKE"
"demo-17","blackout","1735748280","LIKE"
"demo-17","a-flawless-getaway","1735748340","LIKE"
"demo-17","a-flawless-getaway","1735748400","LIKE"
"demo-17","blackout","1735748460","REPLAY"
"demo-17","a-flawless-getaway","1735748520","LIKE"
"demo-17","electric-rock","1735748580","LIKE"
"demo-17","subspace","1735748640","LIKE"
"demo-17","subspace","1735748700","LIKE"
"demo-17","gone-rock","1735748760","LIKE"
"demo-17","done-rock-and-jazz","1735748820","LIKE"
"demo-17","gone-rock","1735748880","REPLAY"
"demo-17","shop-theme","1735748940","LIKE"
"demo-18","moil","1735750800","REPLAY"
"demo-18","empty-stretch","1735750860","LIKE"
"demo-18","flashy-popjazz","1735750920","LIKE"
"demo-18","shop-theme","1735750980","LIKE"
"demo-18","bossfight-1","1735751040","LIKE"
"demo-18","dream-2-ambience","1735751100","LIKE"
"demo-18","shop-theme","1735751160","LIKE"
"demo-18","shop-theme","1735751220","REPLAY"
"demo-18","flashy-popjazz","1735751280","LIKE"
"demo-18","shop-theme","1735751340","LIKE"
"demo-18","flashy-popjazz","1735751400","LIKE"
"demo-18","dream-2-ambience","1735751460","LIKE"
"demo-18","flashy-popjazz","1735751520","LIKE"
"demo-18","empty-stretch","1735751580","LIKE"
"demo-18","subspace","1735751640","REPLAY"
"demo-18","moil","1735751700","LIKE"
"demo-18","empty-stretch","1735751760","LIKE"
"demo-18","shop-theme","1735751820","LIKE"
"demo-18","flashy-popjazz","1735751880","LIKE"
"demo-18","empty-stretch","1735751940","LIKE"
"demo-18","a-flawless-getaway","1735752000","LIKE"
"demo-18","flashy-popjazz","1735752060","REPLAY"
"demo-18","empty-stretch","1735752120","LIKE"
"demo-18","blackout","1735752180","LIKE"
"demo-18","empty-stretch","1735752240","LIKE"
"demo-18","shop-theme","1735752300","LIKE"
"demo-18","electronic-jazz-chromatic","1735752360","LIKE"
"demo-18","empty-stretch","1735752420","LIKE"
"demo-18","empty-stretch","1735752480","REPLAY"
"demo-18","flashy-popjazz","1735752540","LIKE"
"demo-19","bossfight-1","1735754400","REPLAY"
"demo-19","gone-rock","1735754460","LIKE"
"demo-19","done-rock-and-jazz","1735754520","LIKE"
"demo-19","electric-rock","1735754580","LIKE"
"demo-19","bossfight-1","1735754640","LIKE"
"demo-19","done-rock-and-jazz","1735754700","LIKE"
"demo-19","bossfight-1","1735754760","LIKE"
"demo-19","electric-rock","1735754820","REPLAY"
"demo-19","done-rock-and-jazz","1735754880","LIKE"
"demo-19","shop-theme","1735754940","LIKE"
"demo-19","done-rock-and-jazz","1735755000","LIKE"
"demo-19","bossfight-1","1735755060","LIKE"
"demo-19","dream-2-ambience","1735755120","LIKE"
"demo-19","space-graveyard-ambient-track","1735755180","LIKE"
"demo-19","electric-rock","1735755240","REPLAY"
"demo-19","gone-rock","1735755300","LIKE"
"demo-19","blackout","1735755360","LIKE"
"demo-19","into-the-caves","1735755420","LIKE"
"demo-19","gone-rock","1735755480","LIKE"
"demo-19","electric-rock","1735755540","LIKE"
"demo-19","bossfight-1","1735755600","LIKE"
"demo-19","electric-rock","1735755660","REPLAY"
"demo-19","done-rock-and-jazz","1735755720","LIKE"
"demo-19","empty-stretch","1735755780","LIKE"
"demo-19","a-flawless-getaway","1735755840","LIKE"
"demo-19","electric-rock","1735755900","LIKE"
"demo-19","signal-pursuit","1735755960","LIKE"
"demo-19","moil","1735756020","LIKE"
"demo-19","electric-rock","1735756080","REPLAY"
"demo-19","bossfight-1","1735756140","LIKE"
"demo-20","signal-pursuit","1735758000","REPLAY"
"demo-20","signal-pursuit","1735758060","LIKE"
"demo-20","space-graveyard-ambient-track","1735758120","LIKE"
"demo-20","space-graveyard-ambient-track","1735758180","LIKE"
"demo-20","blackout","1735758240","LIKE"
"demo-20","done-rock-and-jazz","1735758300","LIKE"
"demo-20","bossfight-1","1735758360","LIKE"
"demo-20","subspace","1735758420","REPLAY"
"demo-20","done-rock-and-jazz","1735758480","LIKE"
"demo-20","blackout","1735758540","LIKE"
"demo-20","empty-stretch","1735758600","LIKE"
"demo-20","space-graveyard-ambient-track","1735758660","LIKE"
"demo-20","blackout","1735758720","LIKE"
"demo-20","space-graveyard-ambient-track","1735758780","LIKE"
"demo-20","dream-2-ambience","1735758840","REPLAY"
"demo-20","bossfight-1","1735758900","LIKE"
"demo-20","subspace","1735758960","LIKE"
"demo-20","space-graveyard-ambient-track","1735759020","LIKE"
"demo-20","dream-2-ambience","1735759080","LIKE"
"demo-20","into-the-caves","1735759140","LIKE"
"demo-20","shop-theme","1735759200","LIKE"
"demo-20","blackout","1735759260","REPLAY"
"demo-20","done-rock-and-jazz","1735759320","LIKE"
"demo-20","space-graveyard-ambient-track","1735759380","LIKE"
"demo-20","into-the-caves","1735759440","LIKE"
"demo-20","space-graveyard-ambient-track","1735759500","LIKE"
"demo-20","into-the-caves","1735759560","LIKE"
"demo-20","gone-rock","1735759620","LIKE"
"demo-20","flashy-popjazz","1735759680","REPLAY"
"demo-20","subspace","1735759740","LIKE"
"demo-21","electronic-jazz-chromatic","1735761600","REPLAY"
"demo-21","empty-stretch","1735761660","LIKE"
"demo-21","signal-pursuit","1735761720","LIKE"
"demo-21","subspace","1735761780","LIKE"
"demo-21","a-flawless-getaway","1735761840","LIKE"
"demo-21","a-flawless-getaway","1735761900","LIKE"
"demo-21","a-flawless-getaway","1735761960","LIKE"
"demo-21","subspace","1735762020","REPLAY"
"demo-21","done-rock-and-jazz","1735762080","LIKE"
"demo-21","electronic-jazz-chromatic","1735762140","LIKE"
"demo-21","a-flawless-getaway","1735762200","LIKE"
"demo-21","a-flawless-getaway","1735762260","LIKE"
"demo-21","bossfight-1","1735762320","LIKE"
"demo-21","blackout","1735762380","LIKE"
"demo-21","a-flawless-getaway","1735762440","REPLAY"
"demo-21","signal-pursuit","1735762500","LIKE"
"demo-21","blackout","1735762560","LIKE"
"demo-21","space-graveyard-ambient-track","1735762620","LIKE"
"demo-21","subspace","1735762680","LIKE"
"demo-21","a-flawless-getaway","1735762740","LIKE"
"demo-21","dream-2-ambience","1735762800","LIKE"
"demo-21","a-flawless-getaway","1735762860","REPLAY"
"demo-21","signal-pursuit","1735762920","LIKE"
"demo-21","signal-pursuit","1735762980","LIKE"
"demo-21","signal-pursuit","1735763040","LIKE"
"demo-21","a-flawless-getaway","1735763100","LIKE"
"demo-21","empty-stretch","1735763160","LIKE"
"demo-21","electric-rock","1735763220","LIKE"
"demo-21","a-flawless-getaway","1735763280","REPLAY"
"demo-21","electronic-jazz-chromatic","1735763340","LIKE"
"demo-22","moil","1735765200","REPLAY"
"demo-22","empty-stretch","1735765260","LIKE"
"demo-22","flashy-popjazz","1735765320","LIKE"
"demo-22","empty-stretch","1735765380","LIKE"
"demo-22","shop-theme","1735765440","LIKE"
"demo-22","flashy-popjazz","1735765500","LIKE"
"demo-22","shop-theme","1735765560","LIKE"
"demo-22","empty-stretch","1735765620","REPLAY"
"demo-22","into-the-caves","1735765680","LIKE"
"demo-22","moil","1735765740","LIKE"
"demo-22","blackout","1735765800","LIKE"
"demo-22","moil","1735765860","LIKE"
"demo-22","blackout","1735765920","LIKE"
"demo-22","shop-theme","1735765980","LIKE"
"demo-22","subspace","1735766040","REPLAY"
"demo-22","moil","1735766100","LIKE"
"demo-22","empty-stretch","1735766160","LIKE"
"demo-22","shop-theme","1735766220","LIKE"
"demo-22","moil","1735766280","LIKE"
"demo-22","gone-rock","1735766340","LIKE"
"demo-22","moil","1735766400","LIKE"
"demo-22","into-the-caves","1735766460","REPLAY"
"demo-22","moil","1735766520","LIKE"
"demo-22","shop-theme","1735766580","LIKE"
"demo-22","empty-stretch","1735766640","LIKE"
"demo-22","flashy-popjazz","1735766700","LIKE"
"demo-22","moil","1735766760","LIKE"
"demo-22","shop-theme","1735766820","LIKE"
"demo-22","subspace","1735766880","REPLAY"
"demo-22","into-the-caves","1735766940","LIKE"
"demo-23","bossfight-1","1735768800","REPLAY"
"demo-23","gone-rock","1735768860","LIKE"
"demo-23","gone-rock","1735768920","LIKE"
"demo-23","signal-pursuit","1735768980","LIKE"
"demo-23","gone-rock","1735769040","LIKE"
"demo-23","dream-2-ambience","1735769100","LIKE"
"demo-23","electric-rock","1735769160","LIKE"
"demo-23","done-rock-and-jazz","1735769220","REPLAY"
"demo-23","electric-rock","1735769280","LIKE"
"demo-23","empty-stretch","1735769340","LIKE"
"demo-23","into-the-caves","1735769400","LIKE"
"demo-23","subspace","1735769460","LIKE"
"demo-23","electric-rock","1735769520","LIKE"
"demo-23","empty-stretch","1735769580","LIKE"
"demo-23","gone-rock","1735769640","REPLAY"
"demo-23","electric-rock","1735769700","LIKE"
"demo-23","empty-stretch","1735769760","LIKE"
"demo-23","gone-rock","1735769820","LIKE"
"demo-23","bossfight-1","1735769880","LIKE"
"demo-23","done-rock-and-jazz","1735769940","LIKE"
"demo-23","done-rock-and-jazz","1735770000","LIKE"
"demo-23","space-graveyard-ambient-track","1735770060","REPLAY"
"demo-23","electric-rock","1735770120","LIKE"
"demo-23","gone-rock","1735770180","LIKE"
"demo-23","electric-rock","1735770240","LIKE"
"demo-23","bossfight-1","1735770300","LIKE"
"demo-23","electric-rock","1735770360","LIKE"
"demo-23","gone-rock","1735770420","LIKE"
"demo-23","electric-rock","1735770480","REPLAY"
"demo-23","electric-rock","1735770540","LIKE"
"demo-24","signal-pursuit","1735772400","REPLAY"
"demo-24","empty-stretch","1735772460","LIKE"
"demo-24","done-rock-and-jazz","1735772520","LIKE"
"demo-24","dream-2-ambience","1735772580","LIKE"
"demo-24","dream-2-ambience","1735772640","LIKE"
"demo-24","space-graveyard-ambient-track","1735772700","LIKE"
"demo-24","dream-2-ambience","1735772760","LIKE"
"demo-24","space-graveyard-ambient-track","1735772820","REPLAY"
"demo-24","into-the-caves","1735772880","LIKE"
"demo-24","blackout","1735772940","LIKE"
"demo-24","electric-rock","1735773000","LIKE"
"demo-24","space-graveyard-ambient-track","1735773060","LIKE"
"demo-24","dream-2-ambience","1735773120","LIKE"
"demo-24","dream-2-ambience","1735773180","LIKE"
"demo-24","a-flawless-getaway","1735773240","REPLAY"
"demo-24","into-the-caves","1735773300","LIKE"
"demo-24","into-the-caves","1735773360","LIKE"
"demo-24","dream-2-ambience","1735773420","LIKE"
"demo-24","dream-2-ambience","1735773480","LIKE"
"demo-24","dream-2-ambience","1735773540","LIKE"
"demo-24","blackout","1735773600","LIKE"
"demo-24","gone-rock","1735773660","REPLAY"
"demo-24","empty-stretch","1735773720","LIKE"
"demo-24","space-graveyard-ambient-track","1735773780","LIKE"
"demo-24","flashy-popjazz","1735773840","LIKE"
"demo-24","blackout","1735773900","LIKE"
"demo-24","space-graveyard-ambient-track","1735773960","LIKE"
"demo-24","dream-2-ambience","1735774020","LIKE"
"demo-24","gone-rock","1735774080","REPLAY"
"demo-24","blackout","1735774140","LIKE"
"demo-25","subspace","1735776000","REPLAY"
"demo-25","a-flawless-getaway","1735776060","LIKE"
"demo-25","done-rock-and-jazz","1735776120","LIKE"
"demo-25","electric-rock","1735776180","LIKE"
"demo-25","subspace","1735776240","LIKE"
"demo-25","bossfight-1","1735776300","LIKE"
"demo-25","electronic-jazz-chromatic","1735776360","LIKE"
"demo-25","a-flawless-getaway","1735776420","REPLAY"
"demo-25","bossfight-1","1735776480","LIKE"
"demo-25","electronic-jazz-chromatic","1735776540","LIKE"
"demo-25","electric-rock","1735776600","LIKE"
"demo-25","blackout","1735776660","LIKE"
"demo-25","a-flawless-getaway","1735776720","LIKE"
"demo-25","a-flawless-getaway","1735776780","LIKE"
"demo-25","signal-pursuit","1735776840","REPLAY"
"demo-25","subspace","1735776900","LIKE"
"demo-25","signal-pursuit","1735776960","LIKE"
"demo-25","subspace","1735777020","LIKE"
"demo-25","moil","1735777080","LIKE"
"demo-25","electronic-jazz-chromatic","1735777140","LIKE"
"demo-25","bossfight-1","1735777200","LIKE"
"demo-25","signal-pursuit","1735777260","REPLAY"
"demo-25","a-flawless-getaway","1735777320","LIKE"
"demo-25","electronic-jazz-chromatic","1735777380","LIKE"
"demo-25","a-flawless-getaway","1735777440","LIKE"
"demo-25","signal-pursuit","1735777500","LIKE"
"demo-25","electronic-jazz-chromatic","1735777560","LIKE"
"demo-25","signal-pursuit","1735777620","LIKE"
"demo-25","space-graveyard-ambient-track","1735777680","REPLAY"
"demo-25","moil","1735777740","LIKE"
"demo-26","shop-theme","1735779600","REPLAY"
"demo-26","empty-stretch","1735779660","LIKE"
"demo-26","empty-stretch","1735779720","LIKE"
"demo-26","electric-rock","1735779780","LIKE"
"demo-26","done-rock-and-jazz","1735779840","LIKE"
"demo-26","flashy-popjazz","1735779900","LIKE"
"demo-26","flashy-popjazz","1735779960","LIKE"
"demo-26","moil","1735780020","REPLAY"
"demo-26","dream-2-ambience","1735780080","LIKE"
"demo-26","shop-theme","1735780140","LIKE"
"demo-26","moil","1735780200","LIKE"
"demo-26","empty-stretch","1735780260","LIKE"
"demo-26","shop-theme","1735780320","LIKE"
"demo-26","done-rock-and-jazz","1735780380","LIKE"
"demo-26","blackout","1735780440","REPLAY"
"demo-26","moil","1735780500","LIKE"
"demo-26","shop-theme","1735780560","LIKE"
"demo-26","empty-stretch","1735780620","LIKE"
"demo-26","gone-rock","1735780680","LIKE"
"demo-26","bossfight-1","1735780740","LIKE"
"demo-26","empty-stretch","1735780800","LIKE"
"demo-26","moil","1735780860","REPLAY"
"demo-26","moil","1735780920","LIKE"
"demo-26","flashy-popjazz","1735780980","LIKE"
"demo-26","empty-stretch","1735781040","LIKE"
"demo-26","a-flawless-getaway","1735781100","LIKE"
"demo-26","moil","1735781160","LIKE"
"demo-26","into-the-caves","1735781220","LIKE"
"demo-26","empty-stretch","1735781280","REPLAY"
"demo-26","a-flawless-getaway","1735781340","LIKE"
"demo-27","electronic-jazz-chromatic","1735783200","REPLAY"
"demo-27","electric-rock","1735783260","LIKE"
"demo-27","moil","1735783320","LIKE"
"demo-27","gone-rock","1735783380","LIKE"
"demo-27","dream-2-ambience","1735783440","LIKE"
"demo-27","gone-rock","1735783500","LIKE"
"demo-27","gone-rock","1735783560","LIKE"
"demo-27","a-flawless-getaway","1735783620","REPLAY"
"demo-27","gone-rock","1735783680","LIKE"
"demo-27","into-the-caves","1735783740","LIKE"
"demo-27","electric-rock","1735783800","LIKE"
"demo-27","electric-rock","1735783860","LIKE"
"demo-27","electric-rock","1735783920","LIKE"
"demo-27","electric-rock","1735783980","LIKE"
"demo-27","bossfight-1","1735784040","REPLAY"
"demo-27","done-rock-and-jazz","1735784100","LIKE"
"demo-27","electronic-jazz-chromatic","1735784160","LIKE"
"demo-27","into-the-caves","1735784220","LIKE"
"demo-27","electric-rock","1735784280","LIKE"
"demo-27","electric-rock","1735784340","LIKE"
"demo-27","bossfight-1","1735784400","LIKE"
"demo-27","bossfight-1","1735784460","REPLAY"
"demo-27","gone-rock","1735784520","LIKE"
"demo-27","done-rock-and-jazz","1735784580","LIKE"
"demo-27","bossfight-1","1735784640","LIKE"
"demo-27","subspace","1735784700","LIKE"
"demo-27","bossfight-1","1735784760","LIKE"
"demo-27","bossfight-1","1735784820","LIKE"
"demo-27","electric-rock","1735784880","REPLAY"
"demo-27","moil","1735784940","LIKE"
"demo-28","moil","1735786800","REPLAY"
"demo-28","into-the-caves","1735786860","LIKE"
"demo-28","blackout","1735786920","LIKE"
"demo-28","into-the-caves","1735786980","LIKE"
"demo-28","dream-2-ambience","1735787040","LIKE"
"demo-28","dream-2-ambience","1735787100","LIKE"
"demo-28","flashy-popjazz","1735787160","LIKE"
"demo-28","into-the-caves","1735787220","REPLAY"
"demo-28","dream-2-ambience","1735787280","LIKE"
"demo-28","into-the-caves","1735787340","LIKE"
"demo-28","gone-rock","1735787400","LIKE"
"demo-28","space-graveyard-ambient-track","1735787460","LIKE"
"demo-28","space-graveyard-ambient-track","1735787520","LIKE"
"demo-28","blackout","1735787580","LIKE"
"demo-28","dream-2-ambience","1735787640","REPLAY"
"demo-28","a-flawless-getaway","1735787700","LIKE"
"demo-28","into-the-caves","1735787760","LIKE"
"demo-28","blackout","1735787820","LIKE"
"demo-28","space-graveyard-ambient-track","1735787880","LIKE"
"demo-28","moil","1735787940","LIKE"
"demo-28","dream-2-ambience","1735788000","LIKE"
"demo-28","into-the-caves","1735788060","REPLAY"
"demo-28","dream-2-ambience","1735788120","LIKE"
"demo-28","dream-2-ambience","1735788180","LIKE"
"demo-28","dream-2-ambience","1735788240","LIKE"
"demo-28","dream-2-ambience","1735788300","LIKE"
"demo-28","space-graveyard-ambient-track","1735788360","LIKE"
"demo-28","space-graveyard-ambient-track","1735788420","LIKE"
"demo-28","space-graveyard-ambient-track","1735788480","REPLAY"
"demo-28","blackout","1735788540","LIKE"
"demo-29","a-flawless-getaway","1735790400","REPLAY"
"demo-29","a-flawless-getaway","1735790460","LIKE"
"demo-29","dream-2-ambience","1735790520","LIKE"
"demo-29","a-flawless-getaway","1735790580","LIKE"
"demo-29","dream-2-ambience","1735790640","LIKE"
"demo-29","space-graveyard-ambient-track","1735790700","LIKE"
"demo-29","electronic-jazz-chromatic","1735790760","LIKE"
"demo-29","done-rock-and-jazz","1735790820","REPLAY"
"demo-29","a-flawless-getaway","1735790880","LIKE"
"demo-29","a-flawless-getaway","1735790940","LIKE"
"demo-29","a-flawless-getaway","1735791000","LIKE"
"demo-29","a-flawless-getaway","1735791060","LIKE"
"demo-29","electronic-jazz-chromatic","1735791120","LIKE"
"demo-29","subspace","1735791180","LIKE"
"demo-29","electronic-jazz-chromatic","1735791240","REPLAY"
"demo-29","dream-2-ambience","1735791300","LIKE"
"demo-29","subspace","1735791360","LIKE"
"demo-29","subspace","1735791420","LIKE"
"demo-29","subspace","1735791480","LIKE"
"demo-29","signal-pursuit","1735791540","LIKE"
"demo-29","subspace","1735791600","LIKE"
"demo-29","electronic-jazz-chromatic","1735791660","REPLAY"
"demo-29","subspace","1735791720","LIKE"
"demo-29","space-graveyard-ambient-track","1735791780","LIKE"
"demo-29","electronic-jazz-chromatic","1735791840","LIKE"
"demo-29","subspace","1735791900","LIKE"
"demo-29","electronic-jazz-chromatic","1735791960","LIKE"
"demo-29","electronic-jazz-chromatic","1735792020","LIKE"
"demo-29","a-flawless-getaway","1735792080","REPLAY"
"demo-29","signal-pursuit","1735792140","LIKE"
"demo-30","bossfight-1","1735794000","REPLAY"
"demo-30","moil","1735794060","LIKE"
"demo-30","space-graveyard-ambient-track","1735794120","LIKE"
"demo-30","done-rock-and-jazz","1735794180","LIKE"
"demo-30","flashy-popjazz","1735794240","LIKE"
"demo-30","shop-theme","1735794300","LIKE"
"demo-30","dream-2-ambience","1735794360","LIKE"
"demo-30","flashy-popjazz","1735794420","REPLAY"
"demo-30","shop-theme","1735794480","LIKE"
"demo-30","flashy-popjazz","1735794540","LIKE"
"demo-30","flashy-popjazz","1735794600","LIKE"
"demo-30","electronic-jazz-chromatic","1735794660","LIKE"
"demo-30","electric-rock","1735794720","LIKE"
"demo-30","flashy-popjazz","1735794780","LIKE"
"demo-30","signal-pursuit","1735794840","REPLAY"
"demo-30","shop-theme","1735794900","LIKE"
"demo-30","empty-stretch","1735794960","LIKE"
"demo-30","empty-stretch","1735795020","LIKE"
"demo-30","subspace","1735795080","LIKE"
"demo-30","empty-stretch","1735795140","LIKE"
"demo-30","empty-stretch","1735795200","LIKE"
"demo-30","moil","1735795260","REPLAY"
"demo-30","empty-stretch","1735795320","LIKE"
"demo-30","moil","1735795380","LIKE"
"demo-30","moil","1735795440","LIKE"
"demo-30","empty-stretch","1735795500","LIKE"
"demo-30","flashy-popjazz","1735795560","LIKE"
"demo-30","blackout","1735795620","LIKE"
"demo-30","moil","1735795680","REPLAY"
"demo-30","a-flawless-getaway","1735795740","LIKE"
"demo-31","bossfight-1","1735797600","REPLAY"
"demo-31","gone-rock","1735797660","LIKE"
"demo-31","gone-rock","1735797720","LIKE"
"demo-31","done-rock-and-jazz","1735797780","LIKE"
"demo-31","gone-rock","1735797840","LIKE"
"demo-31","gone-rock","1735797900","LIKE"
"demo-31","done-rock-and-jazz","1735797960","LIKE"
"demo-31","electric-rock","1735798020","REPLAY"
"demo-31","done-rock-and-jazz","1735798080","LIKE"
"demo-31","electric-rock","1735798140","LIKE"
"demo-31","gone-rock","1735798200","LIKE"
"demo-31","bossfight-1","1735798260","LIKE"
"demo-31","done-rock-and-jazz","1735798320","LIKE"
"demo-31","space-graveyard-ambient-track","1735798380","LIKE"
"demo-31","electric-rock","1735798440","REPLAY"
"demo-31","done-rock-and-jazz","1735798500","LIKE"
"demo-31","done-rock-and-jazz","1735798560","LIKE"
"demo-31","bossfight-1","1735798620","LIKE"
"demo-31","done-rock-and-jazz","1735798680","LIKE"
"demo-31","electric-rock","1735798740","LIKE"
"demo-31","gone-rock","1735798800","LIKE"
"demo-31","bossfight-1","1735798860","REPLAY"
"demo-31","bossfight-1","1735798920","LIKE"
"demo-31","done-rock-and-jazz","1735798980","LIKE"
"demo-31","gone-rock","1735799040","LIKE"
"demo-31","bossfight-1","1735799100","LIKE"
"demo-31","electric-rock","1735799160","LIKE"
"demo-31","done-rock-and-jazz","1735799220","LIKE"
"demo-31","space-graveyard-ambient-track","1735799280","REPLAY"
"demo-31","electric-rock","1735799340","LIKE"
"demo-32","space-graveyard-ambient-track","1735801200","REPLAY"
"demo-32","electric-rock","1735801260","LIKE"
"demo-32","signal-pursuit","1735801320","LIKE"
"demo-32","dream-2-ambience","1735801380","LIKE"
"demo-32","space-graveyard-ambient-track","1735801440","LIKE"
"demo-32","blackout","1735801500","LIKE"
"demo-32","subspace","1735801560","LIKE"
"demo-32","space-graveyard-ambient-track","1735801620","REPLAY"
"demo-32","into-the-caves","1735801680","LIKE"
"demo-32","space-graveyard-ambient-track","1735801740","LIKE"
"demo-32","dream-2-ambience","1735801800","LIKE"
"demo-32","gone-rock","1735801860","LIKE"
"demo-32","space-graveyard-ambient-track","1735801920","LIKE"
"demo-32","into-the-caves","1735801980","LIKE"
"demo-32","dream-2-ambience","1735802040","REPLAY"
"demo-32","into-the-caves","1735802100","LIKE"
"demo-32","space-graveyard-ambient-track","1735802160","LIKE"
"demo-32","signal-pursuit","1735802220","LIKE"
"demo-32","into-the-caves","1735802280","LIKE"
"demo-32","dream-2-ambience","1735802340","LIKE"
"demo-32","dream-2-ambience","1735802400","LIKE"
"demo-32","into-the-caves","1735802460","REPLAY"
"demo-32","into-the-caves","1735802520","LIKE"
"demo-32","dream-2-ambience","1735802580","LIKE"
"demo-32","blackout","1735802640","LIKE"
"demo-32","dream-2-ambience","1735802700","LIKE"
"demo-32","blackout","1735802760","LIKE"
"demo-32","blackout","1735802820","LIKE"
"demo-32","blackout","1735802880","REPLAY"
"demo-32","gone-rock","1735802940","LIKE"
"demo-33","a-flawless-getaway","1735804800","REPLAY"
"demo-33","empty-stretch","1735804860","LIKE"
"demo-33","signal-pursuit","1735804920","LIKE"
"demo-33","flashy-popjazz","1735804980","LIKE"
"demo-33","a-flawless-getaway","1735805040","LIKE"
"demo-33","subspace","1735805100","LIKE"
"demo-33","signal-pursuit","1735805160","LIKE"
"demo-33","electronic-jazz-chromatic","1735805220","REPLAY"
"demo-33","signal-pursuit","1735805280","LIKE"
"demo-33","blackout","1735805340","LIKE"
"demo-33","electronic-jazz-chromatic","1735805400","LIKE"
"demo-33","electronic-jazz-chromatic","1735805460","LIKE"
"demo-33","a-flawless-getaway","1735805520","LIKE"
"demo-33","blackout","1735805580","LIKE"
"demo-33","space-graveyard-ambient-track","1735805640","REPLAY"
"demo-33","subspace","1735805700","LIKE"
"demo-33","a-flawless-getaway","1735805760","LIKE"
"demo-33","subspace","1735805820","LIKE"
"demo-33","electronic-jazz-chromatic","1735805880","LIKE"
"demo-33","dream-2-ambience","1735805940","LIKE"
"demo-33","electronic-jazz-chromatic","1735806000","LIKE"
"demo-33","electronic-jazz-chromatic","1735806060","REPLAY"
"demo-33","space-graveyard-ambient-track","1735806120","LIKE"
"demo-33","a-flawless-getaway","1735806180","LIKE"
"demo-33","electronic-jazz-chromatic","1735806240","LIKE"
"demo-33","subspace","1735806300","LIKE"
"demo-33","electronic-jazz-chromatic","1735806360","LIKE"
"demo-33","electronic-jazz-chromatic","1735806420","LIKE"
"demo-33","a-flawless-getaway","1735806480","REPLAY"
"demo-33","a-flawless-getaway","1735806540","LIKE"
"demo-34","a-flawless-getaway","1735808400","REPLAY"
"demo-34","electronic-jazz-chromatic","1735808460","LIKE"
"demo-34","flashy-popjazz","1735808520","LIKE"
"demo-34","shop-theme","1735808580","LIKE"
"demo-34","shop-theme","1735808640","LIKE"
"demo-34","shop-theme","1735808700","LIKE"
"demo-34","space-graveyard-ambient-track","1735808760","LIKE"
"demo-34","empty-stretch","1735808820","REPLAY"
"demo-34","empty-stretch","1735808880","LIKE"
"demo-34","empty-stretch","1735808940","LIKE"
"demo-34","a-flawless-getaway","1735809000","LIKE"
"demo-34","empty-stretch","1735809060","LIKE"
"demo-34","moil","1735809120","LIKE"
"demo-34","moil","1735809180","LIKE"
"demo-34","signal-pursuit","1735809240","REPLAY"
"demo-34","done-rock-and-jazz","1735809300","LIKE"
"demo-34","electronic-jazz-chromatic","1735809360","LIKE"
"demo-34","empty-stretch","1735809420","LIKE"
"demo-34","moil","1735809480","LIKE"
"demo-34","blackout","1735809540","LIKE"
"demo-34","flashy-popjazz","1735809600","LIKE"
"demo-34","bossfight-1","1735809660","REPLAY"
"demo-34","shop-theme","1735809720","LIKE"
"demo-34","shop-theme","1735809780","LIKE"
"demo-34","shop-theme","1735809840","LIKE"
"demo-34","done-rock-and-jazz","1735809900","LIKE"
"demo-34","flashy-popjazz","1735809960","LIKE"
"demo-34","flashy-popjazz","1735810020","LIKE"
"demo-34","empty-stretch","1735810080","REPLAY"
"demo-34","into-the-caves","1735810140","LIKE"
"demo-35","empty-stretch","1735812000","REPLAY"
"demo-35","gone-rock","1735812060","LIKE"
"demo-35","signal-pursuit","1735812120","LIKE"
"demo-35","bossfight-1","1735812180","LIKE"
"demo-35","electric-rock","1735812240","LIKE"
"demo-35","bossfight-1","1735812300","LIKE"
"demo-35","done-rock-and-jazz","1735812360","LIKE"
"demo-35","flashy-popjazz","1735812420","REPLAY"
"demo-35","bossfight-1","1735812480","LIKE"
"demo-35","electric-rock","1735812540","LIKE"
"demo-35","electric-rock","1735812600","LIKE"
"demo-35","done-rock-and-jazz","1735812660","LIKE"
"demo-35","moil","1735812720","LIKE"
"demo-35","done-rock-and-jazz","1735812780","LIKE"
"demo-35","gone-rock","1735812840","REPLAY"
"demo-35","flashy-popjazz","1735812900","LIKE"
"demo-35","electric-rock","1735812960","LIKE"
"demo-35","shop-theme","1735813020","LIKE"
"demo-35","electric-rock","1735813080","LIKE"
"demo-35","gone-rock","1735813140","LIKE"
"demo-35","done-rock-and-jazz","1735813200","LIKE"
"demo-35","gone-rock","1735813260","REPLAY"
"demo-35","bossfight-1","1735813320","LIKE"
"demo-35","moil","1735813380","LIKE"
"demo-35","bossfight-1","1735813440","LIKE"
"demo-35","bossfight-1","1735813500","LIKE"
"demo-35","electric-rock","1735813560","LIKE"
"demo-35","moil","1735813620","LIKE"
"demo-35","gone-rock","1735813680","REPLAY"
"demo-35","done-rock-and-jazz","1735813740","LIKE"
"demo-36","blackout","1735815600","REPLAY"
"demo-36","blackout","1735815660","LIKE"
"demo-36","space-graveyard-ambient-track","1735815720","LIKE"
"demo-36","blackout","1735815780","LIKE"
"demo-36","bossfight-1","1735815840","LIKE"
"demo-36","into-the-caves","1735815900","LIKE"
"demo-36","blackout","1735815960","LIKE"
"demo-36","blackout","1735816020","REPLAY"
"demo-36","blackout","1735816080","LIKE"
"demo-36","blackout","1735816140","LIKE"
"demo-36","space-graveyard-ambient-track","1735816200","LIKE"
"demo-36","space-graveyard-ambient-track","1735816260","LIKE"
"demo-36","blackout","1735816320","LIKE"
"demo-36","into-the-caves","1735816380","LIKE"
"demo-36","signal-pursuit","1735816440","REPLAY"
"demo-36","shop-theme","1735816500","LIKE"
"demo-36","space-graveyard-ambient-track","1735816560","LIKE"
"demo-36","dream-2-ambience","1735816620","LIKE"
"demo-36","space-graveyard-ambient-track","1735816680","LIKE"
"demo-36","blackout","1735816740","LIKE"
"demo-36","into-the-caves","1735816800","LIKE"
"demo-36","into-the-caves","1735816860","REPLAY"
"demo-36","into-the-caves","1735816920","LIKE"
"demo-36","dream-2-ambience","1735816980","LIKE"
"demo-36","space-graveyard-ambient-track","1735817040","LIKE"
"demo-36","space-graveyard-ambient-track","1735817100","LIKE"
"demo-36","into-the-caves","1735817160","LIKE"
"demo-36","gone-rock","1735817220","LIKE"
"demo-36","electric-rock","1735817280","REPLAY"
"demo-36","into-the-caves","1735817340","LIKE"
"demo-37","a-flawless-getaway","1735819200","REPLAY"
"demo-37","subspace","1735819260","LIKE"
"demo-37","a-flawless-getaway","1735819320","LIKE"
"demo-37","signal-pursuit","1735819380","LIKE"
"demo-37","electronic-jazz-chromatic","1735819440","LIKE"
"demo-37","subspace","1735819500","LIKE"
"demo-37","dream-2-ambience","1735819560","LIKE"
"demo-37","signal-pursuit","1735819620","REPLAY"
"demo-37","a-flawless-getaway","1735819680","LIKE"
"demo-37","subspace","1735819740","LIKE"
"demo-37","done-rock-and-jazz","1735819800","LIKE"
"demo-37","signal-pursuit","1735819860","LIKE"
"demo-37","a-flawless-getaway","1735819920","LIKE"
"demo-37","subspace","1735819980","LIKE"
"demo-37","subspace","1735820040","REPLAY"
"demo-37","signal-pursuit","1735820100","LIKE"
"demo-37","signal-pursuit","1735820160","LIKE"
"demo-37","a-flawless-getaway","1735820220","LIKE"
"demo-37","dream-2-ambience","1735820280","LIKE"
"demo-37","into-the-caves","1735820340","LIKE"
"demo-37","subspace","1735820400","LIKE"
"demo-37","signal-pursuit","1735820460","REPLAY"
"demo-37","dream-2-ambience","1735820520","LIKE"
"demo-37","electronic-jazz-chromatic","1735820580","LIKE"
"demo-37","electronic-jazz-chromatic","1735820640","LIKE"
"demo-37","electronic-jazz-chromatic","1735820700","LIKE"
"demo-37","electronic-jazz-chromatic","1735820760","LIKE"
"demo-37","electronic-jazz-chromatic","1735820820","LIKE"
"demo-37","blackout","1735820880","REPLAY"
"demo-37","electronic-jazz-chromatic","1735820940","LIKE"
"demo-38","space-graveyard-ambient-track","1735822800","REPLAY"
"demo-38","empty-stretch","1735822860","LIKE"
"demo-38","flashy-popjazz","1735822920","LIKE"
"demo-38","gone-rock","1735822980","LIKE"
"demo-38","empty-stretch","1735823040","LIKE"
"demo-38","flashy-popjazz","1735823100","LIKE"
"demo-38","empty-stretch","1735823160","LIKE"
"demo-38","flashy-popjazz","1735823220","REPLAY"
"demo-38","moil","1735823280","LIKE"
"demo-38","empty-stretch","1735823340","LIKE"
"demo-38","signal-pursuit","1735823400","LIKE"
"demo-38","blackout","1735823460","LIKE"
"demo-38","moil","1735823520","LIKE"
"demo-38","shop-theme","1735823580","LIKE"
"demo-38","moil","1735823640","REPLAY"
"demo-38","flashy-popjazz","1735823700","LIKE"
"demo-38","electric-rock","1735823760","LIKE"
"demo-38","moil","1735823820","LIKE"
"demo-38","empty-stretch","1735823880","LIKE"
"demo-38","empty-stretch","1735823940","LIKE"
"demo-38","gone-rock","1735824000","LIKE"
"demo-38","flashy-popjazz","1735824060","REPLAY"
"demo-38","flashy-popjazz","1735824120","LIKE"
"demo-38","flashy-popjazz","1735824180","LIKE"
"demo-38","flashy-popjazz","1735824240","LIKE"
"demo-38","moil","1735824300","LIKE"
"demo-38","empty-stretch","1735824360","LIKE"
"demo-38","moil","1735824420","LIKE"
"demo-38","shop-theme","1735824480","REPLAY"
"demo-38","moil","1735824540","LIKE"
"demo-39","bossfight-1","1735826400","REPLAY"
"demo-39","bossfight-1","1735826460","LIKE"
"demo-39","blackout","1735826520","LIKE"
"demo-39","shop-theme","1735826580","LIKE"
"demo-39","bossfight-1","1735826640","LIKE"
"demo-39","done-rock-and-jazz","1735826700","LIKE"
"demo-39","electric-rock","1735826760","LIKE"
"demo-39","bossfight-1","1735826820","REPLAY"
"demo-39","gone-rock","1735826880","LIKE"
"demo-39","bossfight-1","1735826940","LIKE"
"demo-39","gone-rock","1735827000","LIKE"
"demo-39","dream-2-ambience","1735827060","LIKE"
"demo-39","done-rock-and-jazz","1735827120","LIKE"
"demo-39","gone-rock","1735827180","LIKE"
"demo-39","electric-rock","1735827240","REPLAY"
"demo-39","gone-rock","1735827300","LIKE"
"demo-39","electronic-jazz-chromatic","1735827360","LIKE"
"demo-39","done-rock-and-jazz","1735827420","LIKE"
"demo-39","done-rock-and-jazz","1735827480","LIKE"
"demo-39","dream-2-ambience","1735827540","LIKE"
"demo-39","gone-rock","1735827600","LIKE"
"demo-39","bossfight-1","1735827660","REPLAY"
"demo-39","electric-rock","1735827720","LIKE"
"demo-39","a-flawless-getaway","1735827780","LIKE"
"demo-39","gone-rock","1735827840","LIKE"
"demo-39","done-rock-and-jazz","1735827900","LIKE"
"demo-39","gone-rock","1735827960","LIKE"
"demo-39","into-the-caves","1735828020","LIKE"
"demo-39","electric-rock","1735828080","REPLAY"
"demo-39","done-rock-and-jazz","1735828140","LIKE"
"demo-40","into-the-caves","1735830000","REPLAY"
"demo-40","dream-2-ambience","1735830060","LIKE"
"demo-40","into-the-caves","1735830120","LIKE"
"demo-40","into-the-caves","1735830180","LIKE"
"demo-40","electric-rock","1735830240","LIKE"
"demo-40","signal-pursuit","1735830300","LIKE"
"demo-40","blackout","1735830360","LIKE"
"demo-40","blackout","1735830420","REPLAY"
"demo-40","dream-2-ambience","1735830480","LIKE"
"demo-40","a-flawless-getaway","1735830540","LIKE"
"demo-40","into-the-caves","1735830600","LIKE"
"demo-40","dream-2-ambience","1735830660","LIKE"
"demo-40","dream-2-ambience","1735830720","LIKE"
"demo-40","dream-2-ambience","1735830780","LIKE"
"demo-40","into-the-caves","1735830840","REPLAY"
"demo-40","into-the-caves","1735830900","LIKE"
"demo-40","into-the-caves","1735830960","LIKE"
"demo-40","dream-2-ambience","1735831020","LIKE"
"demo-40","space-graveyard-ambient-track","1735831080","LIKE"
"demo-40","blackout","1735831140","LIKE"
"demo-40","blackout","1735831200","LIKE"
"demo-40","space-graveyard-ambient-track","1735831260","REPLAY"
"demo-40","blackout","1735831320","LIKE"
"demo-40","into-the-caves","1735831380","LIKE"
"demo-40","dream-2-ambience","1735831440","LIKE"
"demo-40","into-the-caves","1735831500","LIKE"
"demo-40","blackout","1735831560","LIKE"
"demo-40","into-the-caves","1735831620","LIKE"
"demo-40","flashy-popjazz","1735831680","REPLAY"
"demo-40","into-the-caves","1735831740","LIKE"
