ITEM_ID,GENRE,ARTIST,DURATION,ENERGY,VALENCE
"electronic-jazz-chromatic","Electronic","Alex McCulloch","74","0.65","0.65"
"subspace","Electronic","vitalezzz","203","0.65","0.4"
"signal-pursuit","Electronic","vitalezzz","175","0.88","0.65"
"a-flawless-getaway","Electronic","vitalezzz","175","0.8","0.72"
"moil","Jazz","Ruskerdax","185","0.24","0.25"
"empty-stretch","Jazz","Zane Little Music","141","0.85","0.86"
"flashy-popjazz","Jazz","Alex McCulloch","133","0.68","0.82"
"shop-theme","Jazz","CleytonKauffman","88","0.42","0.72"
"electric-rock","Rock","Alex McCulloch","128","0.91","0.72"
"done-rock-and-jazz","Rock","Alex McCulloch","136","0.75","0.5"
"gone-rock","Rock","Alex McCulloch","245","0.77","0.62"
"bossfight-1","Rock","G_P","114","0.95","0.35"
"blackout","Ambient","SkyleTheFrench","189","0.18","0.16"
"dream-2-ambience","Ambient","TokyoGeisha","129","0.12","0.28"
"space-graveyard-ambient-track","Ambient","TinyWorlds","313","0.1","0.18"
"into-the-caves","Ambient","Umplix","100","0.22","0.24"
